link,title,rating_text,total_review,original_price,discounted_price,product_img_url
https://www.amazon.com/dp/0761160965,Workman Publishing Company - To Ace Math in One Big Fat Notebook: The Complete Middle School Study Guide (Big Fat Notebooks),4.7,"16,436",$16.95,$9.98,https://m.media-amazon.com/images/I/81ULeb51cmL.jpg
https://www.amazon.com/dp/B0BQZZ1XFH,"Basic Math Workbook For Adults Addition,Subtraction,Multiplication And Division Exercises With Answers: Simple Math Workbook For Adults With More Than ... And Division | Math Worksheets For adults",4.7,171,,$8.99,https://m.media-amazon.com/images/I/61a++Ug9cCL.jpg
https://www.amazon.com/dp/0744079373,The Math Book (DK Big Ideas),4.7,"1,369",$19.99,$17.18,https://m.media-amazon.com/images/I/9163EshuAgL.jpg
https://www.amazon.com/dp/1523504382,Everything You Need to Ace Pre-Algebra and Algebra I in One Big Fat Notebook (Big Fat Notebooks),4.7,"3,881",$16.99,$10.76,https://m.media-amazon.com/images/I/81Rczby-erL.jpg
https://www.amazon.com/dp/1523513586,The Big Fat Middle School Math Workbook: 600 Math Practice Exercises (Big Fat Notebooks),4.7,"1,205",$16.99,$11.97,https://m.media-amazon.com/images/I/91uOB4mfL7L.jpg
https://www.amazon.com/dp/0999443364,Math Refresher for Adults: The Perfect Solution (Mastering Essential Math Skills),4.5,"1,570",$39.99,$37.99,https://m.media-amazon.com/images/I/713k0piZ0kL.jpg
https://www.amazon.com/dp/0451480902,I'm Trying to Love Math,4.8,686,$18.99,$13.65,https://m.media-amazon.com/images/I/81SpZuhTPFL.jpg
https://www.amazon.com/dp/1635783011,"Humble Math - 100 Days of Timed Tests: Multiplication: Grades 3-5, Math Drills, Digits 0-12, Reproducible Practice Problems",4.8,"11,655",,$5.99,https://m.media-amazon.com/images/I/61aX7ERyEDL.jpg
https://www.amazon.com/dp/1483808734,"Spectrum 5th Grade Math Workbooks, Ages 10 to 11, Math Workbooks Grade 5 Covering Fractions, Decimals, Algebra Prep, Geometry, and More, Math Book for 5th Graders (Volume 6)",4.6,"6,075",$12.99,$8.15,https://m.media-amazon.com/images/I/810h0rS27gL.jpg
https://www.amazon.com/dp/B0CMV13NN8,"Critical Thinking, Logic & Problem Solving: The Complete Guide to Superior Thinking, Systematic Problem Solving, Making Outstanding Decisions, and Uncover Logical Fallacies Like a Pro",4.6,356,$36.97,$33.27,https://m.media-amazon.com/images/I/61lKtgeBwjL.jpg
https://www.amazon.com/dp/1465481737,What's the Point of Math? (DK What's the Point of?),4.7,"1,535",$19.99,$11.66,https://m.media-amazon.com/images/I/81tVmH7kl-L.jpg
https://www.amazon.com/dp/0966621123,"Mastering Essential Math Skills: 20 Minutes a Day to Success, Book 2: Middle Grades/High School",4.5,"1,412",$31.99,$30.39,https://m.media-amazon.com/images/I/71BNd9mPTSL.jpg
https://www.amazon.com/dp/0307036553,Math Skillbuilders (Grades 2 - 3) (Step Ahead),4.7,"5,070",$5.99,$3.99,https://m.media-amazon.com/images/I/718uxPrCizL.jpg
https://www.amazon.com/dp/1684641713,The Book of Math,5.0,2,,$17.99,https://m.media-amazon.com/images/I/91e1ViXXvJL.jpg
https://www.amazon.com/dp/B09NPBQR7Z,"The Little Book of Mathematical Principles, Theories & Things",4.4,359,,$0.00,https://m.media-amazon.com/images/I/81zpcz+ipGL.jpg
https://www.amazon.com/dp/0762499869,"Math Games with Bad Drawings: 75 1/4 Simple, Challenging, Go-Anywhere Games―And Why They Matter",4.7,312,$30.00,$20.99,https://m.media-amazon.com/images/I/71VHWgcMMTL.jpg
https://www.amazon.com/dp/158947323X,"School Zone Addition and Subtraction Workbook: 1st Grade Math, Place Value, Regrouping, Fact Tables, and More (School Zone I Know It!® Workbook Series)",4.8,"15,828",,$4.49,https://m.media-amazon.com/images/I/81z-RRC8+zL.jpg
https://www.amazon.com/dp/0670861944,Math Curse,4.7,638,$16.99,$10.49,https://m.media-amazon.com/images/I/716JXIpbf0L.jpg
https://www.amazon.com/dp/B0D36FY3XQ,"Riddle-Me-Math: Elementary to Elders: 50 Pages of Addition, Subtraction, Multiplication, and Division Practice with Riddles to Solve on each Page",4.5,2,,$9.99,https://m.media-amazon.com/images/I/61b93v6HYWL.jpg
https://www.amazon.com/dp/1947865447,The Math Inspectors Books 1-3,4.5,179,$29.99,$27.80,https://m.media-amazon.com/images/I/71je-ImEZ9L.jpg
https://www.amazon.com/dp/1402757964,"The Math Book: From Pythagoras to the 57th Dimension, 250 Milestones in the History of Mathematics (Union Square & Co. Milestones)",4.4,501,,,https://m.media-amazon.com/images/I/91TFnxflYXL.jpg
https://www.amazon.com/dp/B0BK6SFBHB,"Basic Math Workbook For Adults: 100 Practice Pages of Addition, Subtraction, Multiplication and Division with 3000 Equations For Beginners",4.3,13,,$7.95,https://m.media-amazon.com/images/I/613sHwohL+L.jpg
https://www.amazon.com/dp/B09X68S5SS,The Math Allergy,4.6,36,,$10.86,https://m.media-amazon.com/images/I/61BMcfnTQCL.jpg
https://www.amazon.com/dp/1975644034,Math Riddles For Smart Kids: Math Riddles And Brain Teasers That Kids And Families Will love (Thinking Books for Kids),4.6,"3,025",,$7.99,https://m.media-amazon.com/images/I/714gFt2N4bL.jpg
https://www.amazon.com/dp/1947569503,"The Ultimate Grade 3 Math Workbook: Multiplication, Division, Addition, Subtraction, Fractions, Geometry, Measurement, Mixed Operations, and Word ... Curriculum (IXL Ultimate Workbooks)",4.7,"2,187",$16.99,$11.61,https://m.media-amazon.com/images/I/61A8fm+fdAL.jpg
https://www.amazon.com/dp/1454930446,"Math Art: Truth, Beauty, and Equations",4.7,316,$26.99,$19.89,https://m.media-amazon.com/images/I/61MX8QHoKKL.jpg
https://www.amazon.com/dp/1483808718,"Spectrum 3rd Grade Math Workbooks, Ages 8 to 9, Math Workbooks Grade 3, Multiplication, Division, Fractions, Addition and Subtracting to 4-Digit Numbers - 160 Pages (Volume 4)",4.7,"4,982",$12.99,$7.99,https://m.media-amazon.com/images/I/71A6aisDDLL.jpg
https://www.amazon.com/dp/1647398916,"Do the Math!: Challenging, Fun Math Puzzles for Kids",4.6,350,$12.99,$8.81,https://m.media-amazon.com/images/I/81TniSt7wmL.jpg
https://www.amazon.com/dp/1960790110,"100 Timed Tests for Addition and Subtraction: Math Book for Kids Ages 4 to 7 | Preschool, Kindergarten & 1st Grade Educational Math Workbook | Addition and Subtraction Mathematics Drills",4.7,336,,$3.99,https://m.media-amazon.com/images/I/71KfAHrqOML.jpg
https://www.amazon.com/dp/1570917744,Fractions in Disguise: A Math Adventure (Charlesbridge Math Adventures),4.6,552,$7.99,$7.19,https://m.media-amazon.com/images/I/7128kRtUVHL.jpg
https://www.amazon.com/dp/0999443372,"Mastering Essential Math Skills, Book 1: Grades 4 and 5, 3rd Edition: 20 minutes a day to success (Stepping Stones to Proficiency in Algebra)",4.6,"1,511",$30.99,$29.44,https://m.media-amazon.com/images/I/71KeYNmVoxL.jpg
https://www.amazon.com/dp/B09X9YHV11,"Math Workbook Grades 4 & 5 Addition,Subtraction,Multiplication,and Division Exercises: 3rd Grade and 4th Grade Math Practice Workbook With 880 ... | Math Worksheets For Grade 4 & 5 (Ages 9-11)",4.5,225,,$8.99,https://m.media-amazon.com/images/I/611jfsZVtAL.jpg
https://www.amazon.com/dp/1947569481,"The Ultimate Grade 1 Math Workbook: Addition, Subtraction, Place Value, Money, Data, Measurement, Geometry, Bar Graphs, Comparing Lengths, and Telling ... Curriculum (IXL Ultimate Workbooks)",4.7,"1,419",$16.99,$14.51,https://m.media-amazon.com/images/I/61DgI19SJFL.jpg
https://www.amazon.com/dp/150313699X,The Math Inspectors: Story One - The Case of the Claymore Diamond,4.5,"1,141",,$11.99,https://m.media-amazon.com/images/I/71ELXXoNeeL.jpg
https://www.amazon.com/dp/0761160965,Workman Publishing Company - To Ace Math in One Big Fat Notebook: The Complete Middle School Study Guide (Big Fat Notebooks),4.7,"16,436",$16.95,$9.98,https://m.media-amazon.com/images/I/81ULeb51cmL.jpg
https://www.amazon.com/dp/1947569511,"The Ultimate Grade 4 Math Workbook: Multi-Digit Multiplication, Long Division, Addition, Subtraction, Fractions, Decimals, Measurement, and Geometry ... Curriculum (IXL Ultimate Workbooks)",4.7,"2,152",$16.99,$12.59,https://m.media-amazon.com/images/I/61KkEuujI+L.jpg
https://www.amazon.com/dp/0593543505,Math Mind: The Simple Path to Loving Math,5.0,12,$28.00,$25.20,https://m.media-amazon.com/images/I/61Qrn1wCeML.jpg
https://www.amazon.com/dp/1947569457,"The Ultimate Grade 5 Math Workbook: Decimals, Fractions, Multiplication, Long Division, Geometry, Measurement, Algebra Prep, Graphing, and Metric ... Curriculum (IXL Ultimate Workbooks)",4.7,"2,328",$16.99,$15.29,https://m.media-amazon.com/images/I/61B1oqsie5L.jpg
https://www.amazon.com/dp/1635783003,"Humble Math - 100 Days of Timed Tests: Addition and Subtraction: Grades K-2, Math Drills, Digits 0-20, Reproducible Practice Problems",4.8,"6,007",,$5.99,https://m.media-amazon.com/images/I/61zsyCx4y-L.jpg
https://www.amazon.com/dp/0063340801,"Math-ish: Finding Creativity, Diversity, and Meaning in Mathematics",4.7,69,$29.99,$23.99,https://m.media-amazon.com/images/I/81L0cnc1nDL.jpg
https://www.amazon.com/dp/1483808726,"Spectrum 4th Grade Math Workbooks, Ages 9 to 10, 4th Grade Math, Multiplication, Division, Fractions, Decimals, Algebra, Measurement Conversions, and Geometry Workbook - 160 Pages",4.7,"4,730",,$7.39,https://m.media-amazon.com/images/I/71tUnU9tYTL.jpg
https://www.amazon.com/dp/0593084691,Humble Pi: When Math Goes Wrong in the Real World,4.6,"1,835",$18.00,$12.59,https://m.media-amazon.com/images/I/71MRGe-bgWL.jpg
https://www.amazon.com/dp/1941691242,Essential Calculus Skills Practice Workbook with Full Solutions,4.6,"2,272",,$12.34,https://m.media-amazon.com/images/I/61BhvV81YJL.jpg
https://www.amazon.com/dp/B00GFT80UM,"The Everything Everyday Math Book: From Tipping to Taxes, All the Real-World, Everyday Math Skills You Need",3.9,20,$17.99,$9.99,https://m.media-amazon.com/images/I/71NI171td3L.jpg
https://www.amazon.com/dp/1947569619,"The Ultimate Grade 6 Math Workbook: Geometry, Algebra Prep, Integers, Ratios, Expressions, Equations, Statistics, Data, Probability, Fractions, ... Curriculum (IXL Ultimate Workbooks)",4.7,105,$16.99,$15.29,https://m.media-amazon.com/images/I/613Pctuw8GL.jpg
https://www.amazon.com/dp/1465435751,How to Be Good at Math: Your Brilliant Brain and How to Train It (DK How to Be Good at),4.7,"1,585",$24.99,$14.78,https://m.media-amazon.com/images/I/81DoRgTYmQL.jpg
https://www.amazon.com/dp/194756949X,"The Ultimate Grade 2 Math Workbook: Multi-Digit Addition, Subtraction, Place Value, Measurement, Data, Geometry, Perimeter, Counting Money, and Time ... Curriculum (IXL Ultimate Workbooks)",4.7,"1,808",$16.99,$15.28,https://m.media-amazon.com/images/I/61TVMr8SUoL.jpg
https://www.amazon.com/dp/0486246116,Short-Cut Math,4.5,414,,$7.95,https://m.media-amazon.com/images/I/71w1Qxbv9IL.jpg
https://www.amazon.com/dp/0578282046,Math Letters: Discover a different side of mathematics,4.7,108,$28.95,$27.50,https://m.media-amazon.com/images/I/61ZuMS5ik1L.jpg
https://www.amazon.com/dp/B0CMV13NN8,"Critical Thinking, Logic & Problem Solving: The Complete Guide to Superior Thinking, Systematic Problem Solving, Making Outstanding Decisions, and Uncover Logical Fallacies Like a Pro",4.6,356,$36.97,$33.27,https://m.media-amazon.com/images/I/61lKtgeBwjL.jpg
https://www.amazon.com/dp/1483808742,"Spectrum 6th Grade Math Workbooks, Ages 11 to 12, Math 6th Grade Workbook Covering Multiplying & Dividing Fractions, Decimals, Math Equations, Percents, Probability, Statistics, Grade 6 Math Workbook",4.6,"4,354",,$7.79,https://m.media-amazon.com/images/I/81LYiuxHPZL.jpg
https://www.amazon.com/dp/0307338401,Secrets of Mental Math: The Mathemagician's Guide to Lightning Calculation and Amazing Math Tricks,4.6,"2,084",$19.00,$13.39,https://m.media-amazon.com/images/I/61tyjBD8dXL.jpg
https://www.amazon.com/dp/1071913298,"Mathematics Tasks for the Thinking Classroom, Grades K-5 (Corwin Mathematics Series)",4.8,36,$38.95,$37.00,https://m.media-amazon.com/images/I/71FvSmX9usL.jpg
https://www.amazon.com/dp/839678664X,"Basic Math Workbook for Adults: Activity book with over 3300 tasks of addition, subtraction, multiplication and division to practice basic skills and keep the mind active.",4.8,51,,$8.79,https://m.media-amazon.com/images/I/61aUVVdK8dL.jpg
https://www.amazon.com/dp/1483808750,"Spectrum 7th Grade Math Workbooks, Ages 12 to 13, 7th Grade Math, Algebra, Probability, Statistics, Ratios, Positive and Negative Integers, and Geometry Workbook - 160 Pages (Volume 8)",4.5,"5,220",$12.99,$7.79,https://m.media-amazon.com/images/I/71vVTVUWpNL.jpg
https://www.amazon.com/dp/1483808696,"Spectrum 1st Grade Math Workbooks, Ages 6 to 7, Grade 1 Math Workbook, Adding and Subtracting Through 100, Place Value, Fact Families, 2-D and 3-D Shapes - 160 Pages (Volume 2)",4.8,"2,390",,$7.79,https://m.media-amazon.com/images/I/71hR1YuhGeL.jpg
https://www.amazon.com/dp/B0CZ1199XK,The Primordial hoe_math Collection,4.6,125,,$25.00,https://m.media-amazon.com/images/I/611pJIdCxJL.jpg
https://www.amazon.com/dp/0998294500,"Essential Poker Math, Expanded Edition: Fundamental No-Limit Hold'em Mathematics You Need to Know",4.5,"1,226",$24.95,$22.46,https://m.media-amazon.com/images/I/71LPXIBBzdL.jpg
https://www.amazon.com/dp/B09HSST2ZX,A Mind for Numbers: How to Excel at Math and Science (Even If You Flunked Algebra),4.6,"6,362",$15.75,$0.00,https://m.media-amazon.com/images/I/719Ws-NovbL.jpg
https://www.amazon.com/dp/B09PMLFJ5F,"Math Practice - Addition and Subtraction: 100 Timed Tests, Grades K-2, Math Drills, Digits 0-20",4.7,186,,$7.99,https://m.media-amazon.com/images/I/61XLfvGcymL.jpg
https://www.amazon.com/dp/1735770833,"Logic Workbook for Gritty Kids: Spatial reasoning, math puzzles, word games, logic problems, activities, two-player games. (The Gritty Little Lamb ... & STEM skills in kids ages 6, 7, 8, 9, 10.)",4.6,"1,535",$12.99,$8.99,https://m.media-amazon.com/images/I/71Gtfxsf-HL.jpg
https://www.amazon.com/dp/1544374836,"Building Thinking Classrooms in Mathematics, Grades K-12: 14 Teaching Practices for Enhancing Learning (Corwin Mathematics Series)",4.8,"1,688",$39.95,$35.95,https://m.media-amazon.com/images/I/71cq4POD0HL.jpg
https://www.amazon.com/dp/0471138134,The Math Chef: Over 60 Math Activities and Recipes for Kids,4.3,154,$15.95,$10.27,https://m.media-amazon.com/images/I/71RqsXpFW2L.jpg
https://www.amazon.com/dp/1440583811,"Math Geek: From Klein Bottles to Chaos Theory, a Guide to the Nerdiest Math Facts, Theorems, and Equations",4.4,62,$15.99,$9.49,https://m.media-amazon.com/images/I/71e99DQOvpL.jpg
https://www.amazon.com/dp/148380870X,"Spectrum 2nd Grade Math Workbook, Ages 7 to 8, Math Workbooks Grade 2 Covering Fractions, Adding and Subtracting 2- and 3-Digit Numbers, 3-D Shapes, and Measurement, Spectrum Grade 2 Math Workbook",4.7,"3,215",,$7.99,https://m.media-amazon.com/images/I/81Rw4jHayQL.jpg
https://www.amazon.com/dp/0744028892,Super Simple Math (DK Super Simple),4.6,408,$21.99,$14.99,https://m.media-amazon.com/images/I/71f0BD2NFxL.jpg
https://www.amazon.com/dp/1453661387,"Algebra Essentials Practice Workbook with Answers: Linear & Quadratic Equations, Cross Multiplying, and Systems of Equations: Improve Your Math Fluency Series",4.4,"4,618",$12.99,$12.34,https://m.media-amazon.com/images/I/714ct-6H-gL.jpg
https://www.amazon.com/dp/1960790129,"Kindergarten Math Activity Book: Addition, Subtraction, Learn to Count, Number Tracing, Money, Time, Word Problems & More | Kids Learning Activity ... Math Workbook for Kids Ages 5 to 7",4.8,352,,$3.99,https://m.media-amazon.com/images/I/713xZjfcDIL.jpg
https://www.amazon.com/dp/1947569546,"The Ultimate Kindergarten Math Workbook: Counting and Writing Numbers to 100, Addition, Subtracting, Money, Shapes, Patterns, Measurement, and Time ... Curriculum (IXL Ultimate Workbooks)",4.8,537,$16.99,$14.83,https://m.media-amazon.com/images/I/81KJlfxEIrL.jpg
https://www.amazon.com/dp/1629798649,First Grade Big Fun Workbook (Highlights™ Big Fun Activity Workbooks),4.8,"4,048",$12.99,$8.86,https://m.media-amazon.com/images/I/71ZTJTFitXL.jpg
https://www.amazon.com/dp/074405611X,Mammoth Math: Everything You Need to Know About Numbers (DK David Macaulay How Things Work),4.8,91,,$19.99,https://m.media-amazon.com/images/I/91ySSy3+fVL.jpg
https://www.amazon.com/dp/1250035856,Bedtime Math: A Fun Excuse to Stay Up Late (Bedtime Math Series),4.7,869,$18.99,$12.79,https://m.media-amazon.com/images/I/713Kv68D0nL.jpg
https://www.amazon.com/dp/1589473221,"School Zone - Math Readiness Workbook - 64 Pages, Ages 5 to 7, Kindergarten to 1st Grade, Telling Time, Counting Money, Addition, Subtraction, and More (School Zone I Know It!® Workbook Series)",4.7,"3,837",,$3.99,https://m.media-amazon.com/images/I/813xYd6m7NL.jpg
https://www.amazon.com/dp/1624426018,"Carson Dellosa Common Core Math 4 Today Workbook―Reproducible 3rd Grade Math Workbook, Place Value, Geometry, Algebra Practice, Classroom or ... (96 pgs) (Volume 6) (Common Core 4 Today)",4.7,"1,210",,$5.99,https://m.media-amazon.com/images/I/815j53V6ZXL.jpg
https://www.amazon.com/dp/1589470354,"School Zone Preschool Basics Workbook: Curriculum Series for Ages 3-5, Learn Reading and Math Skills, Colors, Numbers, Counting, Matching, Grouping, Beginning Sounds, and More",4.8,"10,727",,$4.49,https://m.media-amazon.com/images/I/81zu6gDqTEL.jpg
https://www.amazon.com/dp/173577085X,"Another Logic Workbook for Gritty Kids: Spatial Reasoning, Math Puzzles, Word Games, Logic Problems, Focus Activities, Two-Player Games. (Develop ... & STEM Skills in Kids Ages 8, 9, 10, 11, 12.)",4.6,976,$12.99,$8.99,https://m.media-amazon.com/images/I/71yIVzFX1xL.jpg
https://www.amazon.com/dp/0486281523,My Best Mathematical and Logic Puzzles (Dover Recreational Math) (Dover Puzzle Books: Math Puzzles),4.3,976,,$5.89,https://m.media-amazon.com/images/I/81a9Y9ZOxLL.jpg
https://www.amazon.com/dp/1635783186,"Humble Math - 100 Days of Decimals, Percents & Fractions: Advanced Practice Problems (Answer Key Included) - Converting Numbers - Adding, Subtracting, ... Fractions - Reducing Fractions - Math Drills",4.7,"2,625",,$6.50,https://m.media-amazon.com/images/I/61LH-7p051L.jpg
https://www.amazon.com/dp/B0BV43CXBF,"Preschool Math Activity Book: Learn to Count, Number Tracing, Addition and Subtraction | Fun Educational Workbook for Kids | Toddler & Preschool Learning Activities for 3-5 Year Olds",4.8,498,,$3.99,https://m.media-amazon.com/images/I/71yYJr6nrhL.jpg
https://www.amazon.com/dp/B0CL423ZB8,Kindergarten Math Prep: Preschool Beginner Math II,5.0,16,,$12.99,https://m.media-amazon.com/images/I/61KGFP0xyFL.jpg
https://www.amazon.com/dp/1947569627,"IXL Ultimate Grade 7 Math Workbook: Algebra Prep, Geometry, Integers, Proportional Relationships, Equations, Inequalities, and Probability for ... Curriculum (IXL Ultimate Workbooks)",4.6,73,$16.99,$12.99,https://m.media-amazon.com/images/I/61JjhsiMmGL.jpg
https://www.amazon.com/dp/B0CKSWZXWV,"Preschool Math Ages 4-5+: A 180 Pages Toddler Math Workbook with Free Number Tracing, Addition, Subtraction and Counting, Ideal for Preschool Math at ... Complexity, a Great Toddler Learning Book.",4.6,18,,$7.49,https://m.media-amazon.com/images/I/61lUoz9qnAL.jpg
https://www.amazon.com/dp/0887431380,"School Zone - Math Basics 2 Workbook - 64 Pages, Ages 7 to 8, 2nd Grade, Addition & Subtraction, Time & Money, Place Value, Fact Families, and More (School Zone I Know It!® Workbook Series)",4.7,"2,949",,$4.49,https://m.media-amazon.com/images/I/81EPMtqjMFL.jpg
https://www.amazon.com/dp/9354404529,201 Maths Activity Book: Fun Activities and Math Exercises,4.4,628,,$4.99,https://m.media-amazon.com/images/I/611a6CTf5hL.jpg
https://www.amazon.com/dp/B0BSBJM798,"Kindergarten Activity Book Unicorns: 75 Games to Practice Early Reading, Writing, and Math Skills (School Skills Activity Books)",4.7,275,$8.99,$6.99,https://m.media-amazon.com/images/I/813FmudNo2L.jpg
https://www.amazon.com/dp/1635783046,"Humble Math - 100 Days of Timed Tests: Division: Grades 3-5, Math Drills, Digits 0-12, Reproducible Practice Problems",4.7,"2,366",,$5.99,https://m.media-amazon.com/images/I/61reyJwsi-L.jpg
https://www.amazon.com/dp/B0DDFVW6M8,The Numbers Coloring Book: Let's Learn Our Numbers (The Numbers Coloring Book Series),,,,$6.49,https://m.media-amazon.com/images/I/51GxwJdRPvL.jpg
https://www.amazon.com/dp/B0DBWNLGRN,"Multiplication Facts Made Easy: With Videos, Downloads, and a Custom AI Tutor, You Can Make Math Fun with the Quickest and Easiest Way to Memorize the Times Tables!",4.4,22,,$0.00,https://m.media-amazon.com/images/I/81xUzuxihCL.jpg
https://www.amazon.com/dp/1477497781,Trigonometry Essentials Practice Workbook with Answers: Master Basic Trig Skills: Improve Your Math Fluency Series,4.6,774,$12.99,$12.34,https://m.media-amazon.com/images/I/61hoQ3sCRjL.jpg
https://www.amazon.com/dp/1948209934,Kindergarten Math Workbook: Kindergarten and 1st Grade Workbook Age 5-7 | Homeschool Kindergarteners | Addition and Subtraction Activities + Worksheets,4.7,"15,805",,$6.99,https://m.media-amazon.com/images/I/61VVv9kEPJS.jpg
https://www.amazon.com/dp/1260019888,"McGraw-Hill Education Math Grade 6, Second Edition",4.5,"1,102",,,https://m.media-amazon.com/images/I/61LvgnOSjbL.jpg
https://www.amazon.com/dp/1580959636,Horizons 3rd Grade Math Student Book 1,4.7,91,,,https://m.media-amazon.com/images/I/81cwRyITNTL.jpg
https://www.amazon.com/dp/1641520086,"The 125 Best Brain Teasers of All Time: A Mind-Blowing Challenge of Math, Logic, and Wordplay",4.4,"2,096",$12.99,$8.17,https://m.media-amazon.com/images/I/81DtSYGrI1L.jpg
https://www.amazon.com/dp/1635783259,"Humble Math – 100 Days of Money, Fractions, & Telling the Time: Workbook (With Answer Key): Ages 6-11 – Count Money (Counting United States Coins and ... – Grades K-4 – Reproducible Practice Pages",4.7,"2,119",,$6.25,https://m.media-amazon.com/images/I/71j2phIZaDL.jpg
https://www.amazon.com/dp/B0D74J2JQQ,The Voice of Math: Unlock Your Imagination with the Narrative of Numbers,4.7,32,$19.99,$0.99,https://m.media-amazon.com/images/I/61NFkJLlGSL.jpg
https://www.amazon.com/dp/1985897997,"Multiplication and Division Math Workbook for 3rd 4th 5th Grades: Everyday Practice Exercises, Basic Concept, Word Problem, Skill-Building practice (Education Workbook)",4.7,"4,045",,$6.98,https://m.media-amazon.com/images/I/51vHbuj1m-L.jpg
https://www.amazon.com/dp/0887431399,"School Zone - Math Basics 3 Workbook - 64 Pages, Ages 8 to 9, 3rd Grade, Multiplication, Division, Word Problems, Place Value, Fractions, and More (School Zone I Know It!® Workbook Series)",4.7,"4,669",,$3.99,https://m.media-amazon.com/images/I/816DCFCi51L.jpg
https://www.amazon.com/dp/0740325531,Alpha Omega Publications JMS081 Horizons Math 8 Student Book,4.5,11,,,https://m.media-amazon.com/images/I/61GgFTux7YL.jpg
https://www.amazon.com/dp/1923029045,"Addition and Subtraction Workbook for Double, Triple, & Multi-Digit: Practice 100 Days of Math Drills with Ronny the Frenchie",4.7,28,$7.99,$6.99,https://m.media-amazon.com/images/I/71f7R8O9AtL.jpg
https://www.amazon.com/dp/B0CG8FYL5B,"Test Prep Math Workbook for 4th and 5th Graders: Addition, Subtraction, Multiplication, Division Test Prep Workbook for 4th and 5th Graders",5.0,6,,$8.99,https://m.media-amazon.com/images/I/71+XiZpw8GL.jpg
https://www.amazon.com/dp/B0CN1N73XT,Catch-Up Math: 6th Grade,5.0,3,$34.79,$13.83,https://m.media-amazon.com/images/I/61IvjjynZjL.jpg
https://www.amazon.com/dp/B0D74J2JQQ,The Voice of Math: Unlock Your Imagination with the Narrative of Numbers,4.7,32,$19.99,$0.99,https://m.media-amazon.com/images/I/61NFkJLlGSL.jpg
https://www.amazon.com/dp/1580959636,Horizons 3rd Grade Math Student Book 1,4.7,91,,,https://m.media-amazon.com/images/I/81cwRyITNTL.jpg
https://www.amazon.com/dp/0887431399,"School Zone - Math Basics 3 Workbook - 64 Pages, Ages 8 to 9, 3rd Grade, Multiplication, Division, Word Problems, Place Value, Fractions, and More (School Zone I Know It!® Workbook Series)",4.7,"4,669",,$3.99,https://m.media-amazon.com/images/I/816DCFCi51L.jpg
https://www.amazon.com/dp/0486270785,The Moscow Puzzles: 359 Mathematical Recreations (Dover Math Games & Puzzles),4.6,795,$16.95,$11.99,https://m.media-amazon.com/images/I/81ESEnwKSXL.jpg
https://www.amazon.com/dp/1260019888,"McGraw-Hill Education Math Grade 6, Second Edition",4.5,"1,102",,,https://m.media-amazon.com/images/I/61LvgnOSjbL.jpg
https://www.amazon.com/dp/1635783062,Humble Math - 100 Days of Multi-Digit Multiplication: Ages 10-13: Multiplying Large Numbers with Answer Key - Reproducible Pages - Multiply Big Long Problems - 2 and 3 digit Workbook,4.7,"1,661",,$6.99,https://m.media-amazon.com/images/I/61nCJzIi14L.jpg
https://www.amazon.com/dp/1985897997,"Multiplication and Division Math Workbook for 3rd 4th 5th Grades: Everyday Practice Exercises, Basic Concept, Word Problem, Skill-Building practice (Education Workbook)",4.7,"4,045",,$6.98,https://m.media-amazon.com/images/I/51vHbuj1m-L.jpg
https://www.amazon.com/dp/1635783259,"Humble Math – 100 Days of Money, Fractions, & Telling the Time: Workbook (With Answer Key): Ages 6-11 – Count Money (Counting United States Coins and ... – Grades K-4 – Reproducible Practice Pages",4.7,"2,119",,$6.25,https://m.media-amazon.com/images/I/71j2phIZaDL.jpg
https://www.amazon.com/dp/0316509086,Change Is the Only Constant: The Wisdom of Calculus in a Madcap World,4.7,420,$27.99,$15.59,https://m.media-amazon.com/images/I/81-PAYFyUHL.jpg
https://www.amazon.com/dp/1735770884,"My First Logic Workbook for Gritty Kids: Spatial Reasoning, Math Puzzles, Logic Problems, Focus Activities. (Develop Problem Solving, Critical Thinking, Analytical & STEM Skills in Kids Ages 4, 5, 6.)",4.6,341,$12.99,$8.99,https://m.media-amazon.com/images/I/713iLlsDkUL.jpg
https://www.amazon.com/dp/1941691250,Fractions Essentials Workbook with Answers,4.5,750,,$13.99,https://m.media-amazon.com/images/I/71Aa954eOmL.jpg
https://www.amazon.com/dp/0740325531,Alpha Omega Publications JMS081 Horizons Math 8 Student Book,4.5,11,,,https://m.media-amazon.com/images/I/61GgFTux7YL.jpg
https://www.amazon.com/dp/1697668577,"Preschool Math Workbook: Number Tracing, Addition and Subtraction math workbook for toddlers ages 2-4 and pre k",4.8,"2,881",,$6.75,https://m.media-amazon.com/images/I/61yxGtZXYsL.jpg
https://www.amazon.com/dp/B0B8SGN1DB,"Math Workbook For Grade 3 Addition,Subtraction,Multiplication,Division Exercises With Answers Key: Math Practice Workbook With 800 Exercises For Grade ... Grade 3 | Math Exercises book for 3rd Grade",4.7,59,,$7.99,https://m.media-amazon.com/images/I/615xAd8DPvL.jpg
https://www.amazon.com/dp/164638444X,"Third Grade Math Workbook Ages 8 to 9: 75+ Activities Multiplication & Division, Fractions, Area & Perimeter, Data, Math Facts, Word Problems, ... (Common Core) (English and Korean Edition)",4.7,330,,$6.99,https://m.media-amazon.com/images/I/81pP+cgIM7L.jpg
https://www.amazon.com/dp/1076928277,101 Daily Math Puzzles for Kids!: For Students in Grades 3-8,4.4,195,,$17.95,https://m.media-amazon.com/images/I/51TxUsX6H-L.jpg
https://www.amazon.com/dp/0984381449,"Learn Math Fast System Volume II: Fractions, Decimals, and Percentages",4.7,360,,$29.56,https://m.media-amazon.com/images/I/61Z5VAOJoeS.jpg
https://www.amazon.com/dp/1941691080,Essential Prealgebra Skills Practice Workbook,4.6,"1,222",,$11.69,https://m.media-amazon.com/images/I/61LwUje5ezL.jpg
https://www.amazon.com/dp/1635783038,"Humble Math - Double Digit Addition & Subtraction : 100 Days of Practice Problems: Grades 1-3, Word Problems, Reproducible Math Drills",4.8,"2,011",,$5.99,https://m.media-amazon.com/images/I/61ba27CgUJL.jpg
https://www.amazon.com/dp/1635784034,Humble Math – Measurement Basics: (With Answer Key) U.S. Customary & Metric System Measuring Book | Learn to Measure | Unit Conversions | Metric ... Workbook - 100 Practice Pages (Ages 9+),4.6,138,,$7.50,https://m.media-amazon.com/images/I/714KqoSmAjL.jpg
https://www.amazon.com/dp/1941691919,"Beginning Algebra Skills Practice Workbook: Factoring, Distributing, FOIL, Combine Like Terms, Isolate the Unknown",4.5,250,,$11.99,https://m.media-amazon.com/images/I/61uFplmt3mS.jpg
https://www.amazon.com/dp/1641525312,Perfectly Logical!: Challenging Fun Brain Teasers and Logic Puzzles for Smart Kids,4.7,"4,206",$12.99,$8.59,https://m.media-amazon.com/images/I/81Z3w5k5SKL.jpg
https://www.amazon.com/dp/B0D6XCSL6P,The Math Book: From Pythagoras to the 57th Dimension (Union Square & Co. Milestones),,,$14.99,$11.49,https://m.media-amazon.com/images/I/7171TVIRbXL.jpg
https://www.amazon.com/dp/158095930X,Horizons 1st Grade Math Student Book 2,4.8,225,,,https://m.media-amazon.com/images/I/710x6owuI7L.jpg
https://www.amazon.com/dp/0064467112,Just Enough Carrots (MathStart 1),4.8,199,$6.99,$6.29,https://m.media-amazon.com/images/I/81CMuY3AfML.jpg
https://www.amazon.com/dp/1483808769,"Spectrum 8th Grade Math Workbooks, Ages 13-14, Geometry, Integers, Rational & Irrational Numbers, and Pythagorean Theorem 8th Grade Math Practice, Grade 8 Math Workbook For Teens (Volume 9)",4.6,"3,238",,$7.99,https://m.media-amazon.com/images/I/71v3cBFHWVL.jpg
https://www.amazon.com/dp/1601590156,"School Zone - Big Math 1-2 Workbook - 320 Pages, Ages 6 to 8, 1st Grade, 2nd Grade, Addition, Subtraction, Word Problems, Time, Money, Fractions, and More (School Zone Big Workbook Series)",4.8,"3,029",$13.99,$9.79,https://m.media-amazon.com/images/I/81xFJH9ZakL.jpg
https://www.amazon.com/dp/B09NPC6B9Y,Mathematical Thinking - For People Who Hate Math: Level Up Your Analytical and Creative Thinking Skills. Excel at Problem-Solving and Decision-Making. (Advanced Thinking Skills Book 1),4.1,222,$13.99,$4.99,https://m.media-amazon.com/images/I/715GyF75yGL.jpg
https://www.amazon.com/dp/1580959466,Horizons 2nd Grade Math Student Book 1,4.7,183,,,https://m.media-amazon.com/images/I/71EbUiL2vhL.jpg
https://www.amazon.com/dp/0740340980,Calvert Kindergarten Starter Kit and Clubhouse Biggest Book of Math Practice,5.0,5,,,https://m.media-amazon.com/images/I/71-eIvWoMUL.jpg
https://www.amazon.com/dp/B0CSNB7BQD,LeapFrog Prep for Preschool Math Book,4.4,14,,$24.99,https://m.media-amazon.com/images/I/71zwfV+nkJL.jpg
https://www.amazon.com/dp/0439785987,Scholastic Pre-K Reading & Math Jumbo Workbook,4.8,"1,010",$14.99,$11.50,https://m.media-amazon.com/images/I/71ybmE6dwlL.jpg
https://www.amazon.com/dp/1948209888,"Preschool Math Workbook for Toddlers Ages 2-4: Beginner Math Preschool Learning Book with Number Tracing and Matching Activities for 2, 3 and 4 year olds and kindergarten prep",4.7,"17,694",$6.99,$5.49,https://m.media-amazon.com/images/I/51hsOdaq1EL.jpg
https://www.amazon.com/dp/1492656283,"ABCs of Mathematics: Learn About Addition, Equations, and More in this Perfect Primer for Preschool Math (Baby Board Books, Science Gifts for Kids) (Baby University)",4.8,"1,278",$9.99,$6.99,https://m.media-amazon.com/images/I/81bFlCwZ5iL.jpg
https://www.amazon.com/dp/B0CB7JGQWV,"CHASING DRAGONS BETWEEN DIMENSIONS: An Exploration of Fractals: Mathematics, Philosophy, and Reality (Mathematical Mischief: Unraveling the Secrets of the Numberverse)",4.7,140,,$0.00,https://m.media-amazon.com/images/I/81cZdcBou1L.jpg
https://www.amazon.com/dp/0887431453,"School Zone Big Preschool Workbook: Kids Learning Skills Ages 3 to 5, Handwriting, ABCs, Phonics, Early Math & Numbers, Colors & Shapes, Follow Directions, and More, 320 Pages",4.8,"72,376",$13.99,$9.85,https://m.media-amazon.com/images/I/81Y2txwZjyL.jpg
https://www.amazon.com/dp/1635783305,"Humble Math - Area, Perimeter, Volume, & Surface Area: Geometry for Beginners - Workbook with Answer Key (KS2 KS3 Maths) Elementary, Middle School, High School Math – Geometry for Kids",4.7,"1,040",,$6.99,https://m.media-amazon.com/images/I/61p1FWq5HML.jpg
https://www.amazon.com/dp/0740303104,Horizons Kindergarten Math Student Book 2,4.8,149,,,https://m.media-amazon.com/images/I/71wu6z4GL1L.jpg
https://www.amazon.com/dp/1338306367,Little Skill Seekers: Early Math,4.8,"2,679",,,https://m.media-amazon.com/images/I/71eCoHhZQ6L.jpg
https://www.amazon.com/dp/1629797634,"Kindergarten Big Fun Workbook: 256-Page School Workbook, Practice Language Arts, Math and More for Kindergartners (Highlights Big Fun Activity Workbooks)",4.8,"6,060",$12.99,$6.79,https://m.media-amazon.com/images/I/81+yC8O+u4L.jpg
https://www.amazon.com/dp/B0D3YHHGD4,Math Joke Book for Kids: 300 Calculated Math Jokes for Kids (Biggest Joke Books for Kids),5.0,11,,$6.95,https://m.media-amazon.com/images/I/714Ncdkw++L.jpg
https://www.amazon.com/dp/0140296476,Zero: The Biography of a Dangerous Idea,4.5,"1,222",$18.00,$11.39,https://m.media-amazon.com/images/I/61H4SRCYS0L.jpg
https://www.amazon.com/dp/0887431488,"School Zone - Big Second Grade Workbook - 320 Pages, Ages 7 to 8, 2nd Grade, Word Problems, Reading Comprehension, Phonics, Math, Science, and More (School Zone Big Workbook Series)",4.8,"8,192",,$9.85,https://m.media-amazon.com/images/I/81nEgbUTssL.jpg
https://www.amazon.com/dp/0740303090,Horizons Kindergarten Math Student Book 1,4.7,253,,,https://m.media-amazon.com/images/I/615Gi3qIr2L.jpg
https://www.amazon.com/dp/1464220891,I Am Money,4.7,79,$8.99,$7.64,https://m.media-amazon.com/images/I/A1hS7uMJSvL.jpg
https://www.amazon.com/dp/B07C7JRP76,LeapFrog LeapStart 3D Scout & Friends Math Book,4.7,"12,432",,$9.99,https://m.media-amazon.com/images/I/71GVrI4wA1L.jpg
https://www.amazon.com/dp/1947569511,"The Ultimate Grade 4 Math Workbook: Multi-Digit Multiplication, Long Division, Addition, Subtraction, Fractions, Decimals, Measurement, and Geometry ... Curriculum (IXL Ultimate Workbooks)",4.7,"2,152",$16.99,$12.59,https://m.media-amazon.com/images/I/61KkEuujI+L.jpg
